year,team,rswp,ps_points,qb_cap_share,rb_cap_share,wr_cap_share,te_cap_share,ol_cap_share,dl_cap_share,lb_cap_share,sec_cap_share,st_cap_share,norm_total_spend,traded_from,traded_to,norm_fa_spend,ext_spend_rank,avg_age,qb_pa,rb_pa,wr_pa,te_pa,ol_pa,dl_pa,lb_pa,sec_pa,st_pa
2021,ARI,0.647,1,0.063546391,0.025051904,0.128084189,0.061641916,0.215400395,0.101093896,0.285862342,0.094621219,0.024697747,174388738,1,1,71015000,17,26.7,0.456107599,0.004253469,0.130701345,0.000106072,0.038525181,0.039564682,0.256141542,0.07460011,0
2021,ATL,0.412,0,0.192774745,0.035953883,0.058916517,0.069830825,0.183673916,0.191645091,0.159491246,0.093947545,0.013766234,152587415,1,1,30547500,27,25.9,0,0.009873228,0.096862946,0.236957466,0.291720969,0.086370996,0.008662112,0.269420639,0.000131643
2021,BAL,0.471,0,0.025144478,0.044986425,0.090051271,0.065713209,0.16671953,0.204920816,0.116370929,0.241624625,0.044468717,158388492,4,1,77407500,19,25.8,0.095662555,0.066534023,0.282594509,0.142650219,0.075336251,0.048547553,0.251969757,0.036705133,0
2021,BUF,0.647,2,0.07232018,0.030725173,0.123394329,0.011150066,0.204261545,0.255441988,0.13118559,0.150554606,0.020966522,175747031,2,0,35092500,1,26.3,0.227782597,0.056833478,0.011306871,0.017498729,0.104364213,0.409649726,0.154198199,0.016182585,0.002183602
2021,CAR,0.294,0,0.091528555,0.066238937,0.125094598,0.030827737,0.163202613,0.173018933,0.107100854,0.221210778,0.021776995,127333868,3,3,82157500,6,25.3,0.012831864,0.009521243,0.135915104,0.065570825,0.070267288,0.406359472,0.003387612,0.296005441,0.000141151
2021,CHI,0.353,0,0.093393442,0.042021302,0.14337384,0.056134812,0.112010165,0.170093635,0.265352468,0.095119329,0.022501007,161659435,1,0,46880000,20,27,0.22990197,0.042136433,0.084420003,0.086443141,0.193375145,0.006253334,0.277574442,0.079895533,0
2021,CIN,0.588,4,0.056650871,0.061301284,0.12031914,0.048275909,0.147009104,0.248098814,0.039460808,0.260269171,0.018614898,172313274,2,1,136327500,15,25.6,0.298257988,0.009797007,0.220384344,0.036714621,0.250925112,0.041796698,0.0994773,0.039729085,0.002917846
2021,CLE,0.471,0,0.10468636,0.063937461,0.110284921,0.0937923,0.280142314,0.131908631,0.049982241,0.152256285,0.013009487,171498694,0,0,76095000,16,25.3,0.283088305,0.051899523,0.024553192,0.006039217,0.18815936,0.044803442,0.069677468,0.329722385,0.002057108
2021,DAL,0.706,1,0.106594145,0.054269484,0.185458786,0.045441511,0.183875816,0.220227627,0.062216946,0.114052712,0.027862973,177964747,0,0,39240000,4,25.6,0.003692592,0.007797303,0.191190531,0.006181794,0.100458277,0.165177541,0.354851472,0.17065049,0
2021,DEN,0.412,0,0.046700245,0.084753859,0.103551645,0.040122442,0.18222222,0.087819703,0.139041475,0.276826576,0.038961835,150649553,1,2,64640000,13,25.6,0.052918219,0.086653584,0.228871298,0.10312438,0.088968756,0.04248892,0.208100897,0.188873944,0
2021,DET,0.206,0,0.108429962,0.03464805,0.0383481,0.052554842,0.248350297,0.085061442,0.270127219,0.142294109,0.020185979,127976352,0,2,77617500,9,25.2,0,0.110722879,0.011465634,0.146563448,0.276765352,0.089862956,0.082958468,0.281661262,0
2021,GB,0.765,2,0.176543894,0.038845531,0.147790892,0.036720405,0.150878072,0.081557018,0.207553762,0.133253948,0.026856478,169294946,2,3,22335000,28,25.7,0.104677593,0.044443115,0.034648283,0.050693863,0.126510348,0.007686326,0.205541931,0.422508673,0.003289867
2021,HOU,0.235,0,0.165688474,0.05435367,0.082118136,0.038814046,0.204731274,0.11253236,0.096472655,0.190940326,0.054349059,138380187,5,6,102020000,23,26.8,0.071991192,0.000479941,0.071821801,0.085937721,0.380000565,0.196550069,0.007340278,0.185878434,0
2021,IND,0.529,0,0.123000124,0.038136933,0.087751146,0.055412943,0.243306939,0.229111748,0.074210759,0.125918294,0.023151113,179016966,0,2,43767500,3,25.6,0.006881669,0.078711562,0.120791063,0.005921131,0.284635324,0.295109146,0.094238082,0.113712023,0
2021,JAC,0.176,0,0.056540349,0.039694074,0.084820769,0.039647486,0.325718194,0.108119139,0.197138091,0.128992662,0.019329236,156263804,5,2,172512500,18,25.5,0.256132993,0.063666911,0.067540823,0.024035101,0.093058117,0.084215491,0.210117649,0.201148699,8.42E-05
2021,KC,0.706,3,0.056541197,0.032529353,0.131078774,0.056420983,0.112063804,0.284150284,0.098760943,0.193286915,0.035167748,165396375,1,2,105450000,26,26.1,0,0.177882888,0.106993174,0.007484134,0.121841696,0.131122021,0.340079032,0.114597054,0
2021,LV_OAK,0.588,1,0.169056352,0.062968546,0.036541156,0.057322572,0.208820266,0.197324474,0.126955323,0.101045466,0.039965845,151576677,0,0,101260000,31,25.7,0,0.223572127,0.24315738,0.013266304,0.12749616,0.062596006,0.110948192,0.218614719,0.000349113
2021,LAC,0.529,0,0.046129278,0.047932008,0.194401858,0.04506798,0.181211502,0.115433259,0.184380424,0.171912404,0.013531288,174184755,2,1,7740000,32,25.8,0,0.089641146,0.136505152,0.003614562,0.225741467,0.25041688,0.010062942,0.282032252,0.0019856
2021,LAR,0.706,5,0.160800375,0.047893116,0.11290637,0.063831471,0.144276591,0.189214456,0.083228286,0.157587582,0.040261753,133799439,3,1,82432500,10,25.5,0.222520732,0.011184977,0.034199164,0.015351929,0.183674868,0.121855939,0.178685491,0.2325269,0
2021,MIA,0.529,0,0.069977839,0.035428164,0.224574458,0.060705843,0.094286089,0.136901623,0.063467041,0.283321698,0.031337244,169779192,2,4,55190011,14,25.7,0.146528987,0.003878708,0.137909635,0.061542174,0.187212329,0.210519057,0.022013825,0.228947232,0.001448051
2021,MIN,0.471,0,0.207948123,0.044728519,0.089593459,0.028710438,0.116657609,0.207887435,0.149556053,0.139347495,0.015570871,159271762,1,2,51405000,12,25.6,0.04107972,0.023294247,0.130384827,0.070764146,0.396128118,0.063004643,0.041866688,0.229700165,0.003777446
2021,NE,0.588,1,0.028083828,0.035592404,0.105665026,0.090586576,0.174622072,0.109289247,0.190279308,0.248627078,0.01725446,165422038,3,3,291246000,22,26.5,0.04107972,0.023294247,0.130384827,0.070764146,0.396128118,0.063004643,0.041866688,0.229700165,0.003777446
2021,NO,0.529,0,0.08439468,0.060582236,0.110945241,0.026521444,0.214340581,0.183870419,0.085237852,0.195934788,0.03817276,135522713,1,0,45807500,7,26,0.168571429,0.124942085,0.092169884,0.035984556,0.147459459,0.133930502,0.082671815,0.20642471,0.00784556
2021,NYG,0.235,0,0.054633459,0.08242613,0.105336956,0.081227958,0.186758726,0.119494276,0.098211455,0.225011064,0.046899975,160511236,3,4,157452500,11,25.6,0.009592734,0.002282828,0.033271001,0.020885446,0.294679068,0.427423076,0.126526945,0.085338903,0
2021,NYJ,0.235,0,0.047101029,0.023823976,0.173050066,0.028792815,0.268587095,0.208572629,0.096324706,0.141791525,0.011956158,167681623,2,1,134705000,30,25.1,0.145272581,0.226081536,0.075441315,0,0.21598691,0.129212948,0.055182803,0.152821907,0
2021,PHI,0.529,1,0.021050038,0.028846663,0.077860507,0.041048621,0.30626374,0.315699501,0.030391845,0.151836529,0.027002557,124593127,3,2,25240000,24,25.9,0.408436699,0.016364433,0.073311312,0.00674127,0.212771336,0.244354186,0.002275179,0.034616422,0.001129163
2021,PIT,0.559,1,0.20867138,0.035667021,0.056037679,0.048450678,0.100434621,0.165014297,0.129438627,0.213552531,0.042733166,143062580,0,2,46805000,21,25.6,0.070211169,0.071426019,0.439918534,0.073248294,0.242469718,0.0595991,0.017758245,0.025368921,0
2021,SF,0.588,3,0.194120552,0.052495477,0.053605272,0.046822715,0.176764708,0.252554157,0.054984696,0.14120047,0.027451953,167941821,1,0,202032500,5,26.5,0.000370645,0.157458684,0.14612131,0.020385471,0.070248114,0.281646536,0.199690402,0.11749444,0.006584398
2021,SEA,0.412,0,0.214583863,0.05636424,0.079979472,0.038489506,0.170393218,0.132267776,0.145418508,0.112311385,0.050192032,156151080,1,3,73365000,2,26.4,0.207164112,0.015273645,0.186353535,0.003126295,0.173547026,0.352649817,0.025481186,0.029436137,0.006968247
2021,TB,0.765,2,0.080462082,0.04526322,0.163736159,0.064613756,0.192106598,0.11835886,0.19877947,0.09422831,0.042451545,168427323,0,0,58045000,8,26.7,0.03354704,0.090825506,0.013543064,0,0.173202127,0.224392426,0.224939118,0.235450524,0.004100194
2021,TEN,0.706,2,0.078742581,0.108209129,0.063690758,0.047187698,0.267013998,0.069743868,0.135157021,0.19235658,0.037898367,150871356,1,1,163902500,25,26.4,0.002057424,0.023513419,0.087036391,0,0.218601319,0.171519371,0.264379007,0.232893069,0
2021,WAS,0.412,0,0.07724905,0.021839863,0.065542268,0.038394767,0.250299568,0.197831039,0.063423835,0.262554749,0.022864861,170684222,0,1,0,29,26,0.120764613,0.073608907,0.049962045,0.005520668,0.090285925,0.514986313,0.107261979,0.037494537,0.000115014
2020,ARI,0.5,0,0.053956613,0.059763023,0.128422184,0.027833207,0.163582896,0.062779446,0.28966673,0.177090379,0.036905523,160976253.2,1,1,61410697.87,9,26.1,0.435020132,0.005898064,0.094105983,0.000101167,0.045849099,0.037735467,0.258887562,0.122402525,0
2020,ATL,0.25,0,0.127242251,0.055405817,0.158638303,0.017342962,0.211969835,0.191251695,0.077559607,0.146072225,0.014517305,152068504.5,0,2,56180541.35,25,26.9,0,0.017492612,0.123131587,0.003450691,0.331061344,0.223526196,0.047968021,0.253198722,0.000170826
2020,BAL,0.688,2,0.034781179,0.048267742,0.076470962,0.048538364,0.12684415,0.197601008,0.16607621,0.249836316,0.051584067,150027249,2,1,16504351.76,18,26.1,0.090652669,0.06304961,0.159041887,0.132736021,0.064180883,0.075961205,0.243299093,0.171078631,0
2020,BUF,0.813,3,0.041867566,0.026192136,0.171122522,0.048916743,0.185271779,0.254142296,0.080618276,0.180247123,0.011621559,185794101.7,0,2,91528872.76,11,26.1,0.216139054,0.053181068,0.083550256,0.016374171,0.114675176,0.255688975,0.14938282,0.108965208,0.002043273
2020,CAR,0.313,0,0.104135331,0.081527015,0.10911099,0.019277961,0.237313327,0.228306829,0.101296776,0.095042356,0.023989415,135139864.8,3,1,116208319.6,13,25.8,0.012551461,0.180891656,0.155763631,0.012049403,0.101039261,0.419745958,0.003313586,0.11451953,0.000125515
2020,CHI,0.5,1,0.085436308,0.027589539,0.133565487,0.053965874,0.156459603,0.123223266,0.241285159,0.155671266,0.0228035,169765204.1,1,1,96219463.94,15,26.7,0.379656265,0.041192705,0.066819503,0.134339909,0.079289751,0.004818714,0.22037586,0.073507294,0
2020,CIN,0.281,0,0.043348434,0.057081309,0.207818526,0.056218774,0.152061655,0.185351442,0.032373103,0.228170558,0.037576199,161458000.7,1,1,122227420.4,19,25.9,0.309964656,0.051449916,0.198309101,0.038256085,0.213491043,0.063619568,0.08004659,0.041991325,0.002871717
2020,CLE,0.688,2,0.065768097,0.03721308,0.181367383,0.047272034,0.224207488,0.179081744,0.101603044,0.149403245,0.014083886,163210762.9,0,2,115013567.8,8,25.4,0.236267807,0.038515847,0.008304324,0.04921081,0.136014763,0.259726824,0.023053587,0.247312279,0.001593759
2020,DAL,0.375,0,0.215644494,0.075334765,0.107832292,0.038867346,0.164896732,0.162947801,0.114037505,0.087438015,0.03300105,149588914.3,0,0,60335647.93,7,25.8,0.004539651,0.00958596,0.239567923,0.007599862,0.115801633,0.256571348,0.180086334,0.186247289,0
2020,DEN,0.313,0,0.023134313,0.052318633,0.052274643,0.045316356,0.138481493,0.137445689,0.235298544,0.275244363,0.040485966,154401612.3,3,3,81161510.04,30,25.6,0.056588235,0.028776471,0.267647059,0.113929412,0.182235294,0.090988235,0.212188235,0.047647059,0
2020,DET,0.313,0,0.139684183,0.023947607,0.107540827,0.060984219,0.13398484,0.205858639,0.092324295,0.204244724,0.031430667,154357332.5,2,1,107958410.8,17,26.1,0.000446041,0.124116722,0.021057821,0.169730263,0.134469564,0.01734864,0.184637416,0.348193535,0
2020,GB,0.813,3,0.129372679,0.035217148,0.10204872,0.02529854,0.245629391,0.081870665,0.222491655,0.128812864,0.029258339,172751886,0,0,15912643.55,14,25.5,0.104823373,0.052890879,0.013102922,0.050764462,0.079036823,0.023779931,0.217253927,0.455053235,0.003294449
2020,HOU,0.25,0,0.076883516,0.08654027,0.138821135,0.032328654,0.19862695,0.123274323,0.180153022,0.120911385,0.042460745,169075932.5,1,2,51535291.79,2,26.1,0.247285017,0.030230593,0.022544151,0.05633977,0.286232407,0.148247367,0.068868877,0.140251819,0
2020,IND,0.688,1,0.220510173,0.025258216,0.090948603,0.049826356,0.235642279,0.226363548,0.036945425,0.098018276,0.016487123,193975340.7,1,1,33092585.53,6,25.7,0.006093994,0.077113397,0.111763846,0,0.268099161,0.136115445,0.113543292,0.287270866,0
2020,JAC,0.063,0,0.020230809,0.031125217,0.094197685,0.049614361,0.245689888,0.152212564,0.20720495,0.158666008,0.041058517,121692549.8,5,0,91478543.55,32,24.9,0.004402944,0.195367337,0.09250436,0.026843068,0.129216829,0.11868805,0.268600842,0.164270217,0.000106351
2020,KC,0.875,4,0.035316611,0.021250732,0.184318428,0.063720282,0.183572684,0.230476919,0.107619409,0.149269547,0.024455389,179008971.4,0,0,16723805.23,1,25.9,0.289377616,0.167883537,0.083808209,0,0.028937762,0.15893509,0.185335233,0.085722554,0
2020,LV_OAK,0.5,0,0.156372878,0.037686225,0.089078832,0.077207893,0.257071745,0.154444085,0.0818879,0.135491825,0.010758617,183398672.8,1,1,66139829.44,5,25.8,0,0.198630347,0.195006603,0.152934312,0.112151829,0.034486994,0.08531155,0.221171268,0.000307097
2020,LAC,0.438,0,0.072111438,0.037899134,0.105859363,0.088676367,0.174403133,0.239483099,0.097824559,0.172052342,0.011690564,164447570.9,1,0,25980751.54,29,25.6,0,0.094891553,0.144345238,0.003822162,0.146261416,0.260314742,0.01294439,0.335320858,0.002099641
2020,LAR,0.625,2,0.187102652,0.029197476,0.103393603,0.0794934,0.143994981,0.212421434,0.090232161,0.115745082,0.038419211,143411498.6,3,1,117264779.5,26,25.1,0.212095478,0.009276074,0.201787277,0,0.121843195,0.108699912,0.168249696,0.178048366,0
2020,MIA,0.625,0,0.082788606,0.041771466,0.07318285,0.026370312,0.155467174,0.165354542,0.129476864,0.303814217,0.021773969,148407386.8,2,3,216893933.7,31,25,0.184726388,0.004781154,0.000108663,0.057482505,0.186378059,0.255704786,0.066870952,0.242121963,0.001825531
2020,MIN,0.438,0,0.139861786,0.045605447,0.114468202,0.071069322,0.121594901,0.12138341,0.159852043,0.199107501,0.027057388,141913650.7,1,2,40313239.43,12,25.5,0.000180297,0.104932929,0.148781191,0.078681667,0.334379057,0.052069811,0.021815953,0.254831963,0.004327131
2020,NE,0.438,0,0.01760706,0.075089652,0.110459895,0.015182835,0.248394652,0.125707303,0.042616604,0.348553809,0.01638819,140169348.4,2,1,24706651.85,20,26.4,0.000180297,0.104932929,0.148781191,0.078681667,0.334379057,0.052069811,0.021815953,0.254831963,0.004327131
2020,NO,0.75,2,0.183712808,0.058019711,0.084030781,0.074020856,0.154577314,0.173452819,0.069576396,0.143580253,0.059029062,154752989,0,0,67629301.84,10,26.7,0.008176051,0.148745025,0.117380511,0.045904094,0.219512195,0.053627014,0.13619528,0.260451554,0.010008275
2020,NYG,0.375,0,0.048055701,0.074203426,0.139086618,0.043131972,0.210675185,0.144982781,0.137558771,0.163071256,0.039234291,154223251,0,1,98710986.27,24,25.7,0,0.045710729,0.023512327,0.014868089,0.31050102,0.207357975,0.074513329,0.323536531,0
2020,NYJ,0.125,0,0.08122781,0.01809506,0.151142823,0.039759455,0.232890035,0.155111989,0.169352933,0.138963691,0.013456203,116141884.2,1,2,85403219.12,22,26,0.161973013,0.232930094,0.001891011,0.067157387,0.221318936,0.164844875,0.015499218,0.134385466,0
2020,PHI,0.281,0,0.121251712,0.019234487,0.170002807,0.08685593,0.221847565,0.231652742,0.026071116,0.097769642,0.025313997,160363283.4,0,2,45860787.33,16,26,0.228420978,0.01309329,0.054945055,0.011161826,0.144859766,0.294070407,0.004513525,0.247572964,0.00136219
2020,PIT,0.75,1,0.14420767,0.020929502,0.030864278,0.046199283,0.190690807,0.179505687,0.195523199,0.167774747,0.024304827,161263095.2,0,1,31113423.57,27,26,0.074859995,0.078098213,0.236923311,0.078098213,0.157567907,0.225570498,0.022019886,0.126861976,0
2020,SF,0.375,0,0.156581046,0.069128457,0.058997244,0.046106815,0.192565224,0.214934378,0.025477279,0.199915653,0.036293903,162514020.8,1,2,40412991,23,26.6,0.000303501,0.129112885,0.073768589,0.016692554,0.114509132,0.345241283,0.163515612,0.151464839,0.005391606
2020,SEA,0.75,1,0.174005088,0.052579407,0.088087812,0.064221331,0.141670383,0.169889875,0.159605772,0.120159409,0.029780924,166182622.6,3,1,14584133.91,3,26.2,0.00785546,0.004749813,0.182502421,0.005900729,0.12744113,0.543999708,0.080344909,0.040446482,0.006759349
2020,TB,0.688,5,0.143439465,0.036508078,0.074177826,0.098339039,0.207736376,0.108676287,0.25536401,0.054268397,0.021490522,174062042.2,0,1,67722252.17,21,26.3,0,0.088369375,0.027586207,0.102279369,0.148918761,0.142255991,0.218585622,0.268147282,0.003857393
2020,TEN,0.688,1,0.125593732,0.044909014,0.113746221,0.034290034,0.253060186,0.144829507,0.055087683,0.195184665,0.033298958,166862621.8,1,0,26341217.46,4,26.5,0.00162333,0.018697278,0.336261124,0.014494014,0.119430675,0.129750413,0.193640027,0.186103139,0
2020,WAS,0.438,1,0.137278196,0.027009524,0.029163423,0.035191108,0.230906239,0.233425804,0.083326265,0.179862856,0.043836586,146934402.4,0,1,81921889.1,28,25.8,0.121252714,0.081528015,0.02997829,0.003256501,0.046792,0.626541642,0.054113354,0.036537484,0
2019,ARI,0.344,0,0.05884707,0.084625042,0.119883816,0.025896956,0.241526632,0.076400957,0.20929398,0.157326093,0.026199454,136977243.5,3,2,106119506.8,30,26.4,0.47745417,0.006351251,0.103285551,0.000111036,0.032089362,0.100598483,0.127691231,0.152418916,0
2019,ATL,0.438,0,0.109307773,0.057282285,0.09261922,0.03184487,0.221605789,0.247536422,0.047387487,0.168077655,0.024338499,159910664.3,1,0,68760291.09,8,26.5,0,0.017903037,0.12619543,0.035876007,0.305925136,0.153591972,0.11692921,0.243579209,0
2019,BAL,0.875,2,0.026411851,0.028908907,0.07775269,0.042099254,0.179159488,0.129753054,0.060303953,0.393257281,0.062353521,154050153.9,4,0,82903891.18,17,25.9,0.078494371,0.013974871,0.131912337,0.114933521,0.254812841,0.068803385,0.17715435,0.159914322,0
2019,BUF,0.625,1,0.042315347,0.029297487,0.11900263,0.065676353,0.199370473,0.301556055,0.069939004,0.131454138,0.041388514,151292103.8,3,1,178117548,21,26.3,0.190685435,0.030281518,0.068421053,0.014320685,0.100293758,0.309914321,0.190624235,0.095458996,0
2019,CAR,0.313,0,0.145351437,0.036623817,0.053601302,0.057185966,0.134872979,0.198681001,0.238380391,0.09596466,0.039338447,163066355.8,0,0,55219063.11,24,26.3,0.014907351,0.21484474,0.185000224,0.01446013,0.120004174,0.287413724,0.003935541,0.159285043,0.000149074
2019,CHI,0.5,0,0.080790002,0.010410241,0.170665679,0.0721957,0.114410072,0.105754802,0.203708815,0.224911678,0.017153011,167374884.5,1,1,44989813.04,14,26.2,0.323749517,0.03883749,0.054539342,0.05603357,0.109701279,0.032748509,0.36103052,0.023359773,0
2019,CIN,0.125,0,0.101547815,0.045277953,0.167597875,0.069253481,0.194165339,0.185410105,0.026846096,0.176702378,0.033198958,166371598.8,0,0,64983320.78,19,25.7,0.011896297,0.070065088,0.240004376,0.052097577,0.291773779,0.089235902,0.082508341,0.158507904,0.003910737
2019,CLE,0.375,0,0.065577144,0.018517674,0.196386199,0.036388879,0.192492518,0.197965142,0.080065187,0.202274197,0.010333059,175210971.4,5,6,70341517.89,31,25.4,0.237582456,0.037316971,0.085944167,0.045850434,0.057743102,0.299389112,0.02186192,0.212767687,0.001544151
2019,DAL,0.5,0,0.016247403,0.04110465,0.142514393,0.032799633,0.309983911,0.23891031,0.10065591,0.099002571,0.018781219,165492955.5,0,1,29652253.12,2,26.3,0.009836119,0.303901606,0.03811291,0.006650465,0.088672863,0.232979737,0.237873165,0.081973135,0
2019,DEN,0.438,0,0.045703036,0.031965775,0.028719287,0.052434001,0.175990276,0.130749633,0.267539756,0.229570182,0.037328054,144974964.3,1,3,121178809.7,32,25.7,0.155550287,0.039776619,0.103261156,0.119909383,0.183156841,0.122280175,0.235103525,0.040830304,0.000131711
2019,DET,0.219,0,0.197898195,0.01880375,0.103041528,0.042657675,0.167423556,0.15423123,0.094351655,0.181621594,0.039970816,156415109.6,0,1,174328433.1,27,26.2,0.002491382,0.070598801,0.022596251,0.209449868,0.293751267,0.084706973,0.194124975,0.121440366,0.000840117
2019,GB,0.813,3,0.175666959,0.012708091,0.09402441,0.092737436,0.267918744,0.052833122,0.133084061,0.135807108,0.03522007,167271639.9,2,1,180347296.4,25,25.5,0,0.010050543,0.016281299,0.031226399,0.135333759,0.127272991,0.235432522,0.441207227,0.003195259
2019,HOU,0.625,2,0.044142871,0.074075101,0.18218382,0.019837589,0.15681594,0.149221026,0.165548948,0.179053643,0.029121061,165367979.8,4,7,49039891.1,28,26,0.215038349,0.036323561,0.188696151,0.048992904,0.312343201,0.018421619,0.05988818,0.120296036,0
2019,IND,0.438,0,0.073873417,0.016617542,0.182468994,0.081342738,0.169334129,0.218223788,0.028337756,0.179882595,0.049919041,166708648.3,3,0,42010597.15,10,25.6,0,0.016926033,0.041751672,0,0.388848033,0.138326137,0.115647388,0.298500735,0
2019,JAC,0.375,0,0.083857796,0.060146007,0.090276649,0.034565437,0.205814091,0.246833295,0.063201545,0.194451503,0.020853679,149455531.5,0,0,128645309.2,16,25.6,0.004117124,0.206643644,0.041171243,0.027559985,0.129700665,0.139757247,0.245182627,0.205754975,0.00011249
2019,KC,0.75,5,0.063698537,0.041313955,0.178671187,0.088261041,0.202070524,0.145025943,0.083700798,0.159797533,0.037460483,140701763.7,4,4,80164069.63,7,25.9,0.295008238,0.036558757,0.09936768,0,0.021819477,0.272743465,0.125840495,0.148661887,0
2019,LV_OAK,0.438,0,0.1721974,0.049710511,0.094109848,0.038500447,0.271409547,0.106543578,0.060010837,0.196552365,0.010965467,144938914.3,2,1,173167409.4,13,25.6,0.554190605,0.049286018,0.068793527,0.102155801,0.067278739,0.020745202,0.022278462,0.115271646,0
2019,LAC,0.313,0,0.155248566,0.037156955,0.134541211,0.039730634,0.210270423,0.221467088,0.079834458,0.112687365,0.009063301,169372864.4,0,0,36764130.35,23,25.8,0.011023657,0.085488458,0.003439381,0.004133871,0.149921732,0.332253015,0.028022136,0.383446877,0.002270873
2019,LAR,0.563,0,0.069539354,0.072383138,0.160780696,0.024397517,0.189069407,0.18453469,0.139318755,0.124027536,0.035948908,162482442.5,0,0,20944138.37,6,25.6,0.002809393,0.001392691,0.181698122,0.066032752,0.143303078,0.364020554,0.076790088,0.161768237,0.002185084
2019,MIA,0.313,0,0.062676629,0.01845677,0.194628698,0.024146063,0.093837006,0.096519236,0.057103964,0.435907131,0.016724502,105097091.9,5,6,38517810.45,11,25.2,0.000146366,0.039226018,0.025818916,0.077573842,0.20245309,0.28699394,0.090073476,0.277567987,0.000146366
2019,MIN,0.625,2,0.163414893,0.020558182,0.122119957,0.032965354,0.132134815,0.207719278,0.073291241,0.230437295,0.017358987,176786655.4,1,2,35199905.98,12,25.5,0,0.123054804,0.166145129,0.099120433,0.333432003,0.03949594,0.022581191,0.211096076,0.005074425
2019,NE,0.75,1,0.134452395,0.073635924,0.115200597,0.01597345,0.141831662,0.062144969,0.149173233,0.282218368,0.025369401,162841884.7,3,5,60709393.47,18,27,0,0.123054804,0.166145129,0.099120433,0.333432003,0.03949594,0.022581191,0.211096076,0.005074425
2019,NO,0.813,1,0.161531562,0.021991209,0.074362966,0.037057059,0.257083188,0.151391031,0.124381313,0.130930494,0.041271178,159961611.4,1,1,80747010.39,4,26.2,0.038338589,0.163073999,0.1440235,0.000215992,0.27772258,0.083848114,0.051600501,0.23586332,0.005313404
2019,NYG,0.25,0,0.204959599,0.059756731,0.106930407,0.063338329,0.192895448,0.068475547,0.190628381,0.095475895,0.017539662,134864809,3,2,61160200.98,20,26,0,0.039516393,0.084273845,0.000148894,0.157231768,0.365295852,0.031416575,0.322116673,0
2019,NYJ,0.438,0,0.057219357,0.071328997,0.12050653,0.01536123,0.212021942,0.128311931,0.177115682,0.205804407,0.012329923,155612036.8,2,3,198724503.7,26,26.5,0.168097282,0.244506805,0.047815561,0.071182275,0.052345842,0.17107773,0.021138256,0.22383625,0
2019,PHI,0.563,1,0.090786905,0.036199886,0.131945974,0.052544048,0.244604827,0.196676886,0.050406985,0.183760397,0.013074091,144351962.9,3,5,57453669.34,1,26.6,0.28306939,0.008175131,0.025301376,0.012000393,0.017333902,0.294851197,0.116878149,0.242281168,0.000109293
2019,PIT,0.5,0,0.164340371,0.016495014,0.02629512,0.040645423,0.212716349,0.185594776,0.160273816,0.155789048,0.037850084,165435704.9,3,0,60447070.13,9,25.7,0.390013977,0.065215452,0.061171083,0.060962917,0.149820085,0.176078746,0.002557469,0.094180272,0
2019,SF,0.813,4,0.113801422,0.065986048,0.083889359,0.023816394,0.195703115,0.24644667,0.080880252,0.165239015,0.024237725,183830290.7,1,1,82316092.59,5,25.7,0.000304049,0.152310774,0.073150665,0.031835742,0.198919731,0.344147947,0.042191301,0.151738446,0.005401345
2019,SEA,0.688,2,0.169939008,0.031726954,0.07985465,0.042214412,0.211327762,0.169316772,0.176524011,0.093745745,0.025350686,153972564.5,3,3,62549543.12,3,25.5,0.007990995,0.004932077,0.109949219,0.004364974,0.178706146,0.54911025,0.075579347,0.063008567,0.006358426
2019,TB,0.438,0,0.133285144,0.0280191,0.125250465,0.065016306,0.245201792,0.16997201,0.146868721,0.06527291,0.021113553,168946284.9,1,1,45537388.72,22,25.4,0,0.062390592,0.02363212,0.098186633,0.017348175,0.192423358,0.211589389,0.355940572,0.03848916
2019,TEN,0.563,3,0.144403916,0.040027766,0.086203843,0.044290671,0.188372434,0.140401608,0.105135417,0.210139876,0.041024469,177265969.7,1,2,105225664.3,15,26.5,0.001125219,0.049752341,0.259903584,0.011031561,0.176129908,0.148374499,0.211486062,0.142196825,0
2019,WAS,0.188,0,0.179947514,0.049258672,0.059053615,0.103487553,0.191117261,0.068701573,0.130206871,0.180381943,0.037844997,161937164.6,0,1,15268189.97,29,26.1,0.152234198,0.06389548,0.143600446,0.00403099,0.042854284,0.407901884,0.063552417,0.121930301,0
2018,ARI,0.188,0,0.039373392,0.046690792,0.164555393,0.062627658,0.12573047,0.193279848,0.120948476,0.192465898,0.054328073,134308822.3,1,1,98230825.27,26,26.5,0.216047331,0.036096523,0.093764542,0.00016619,0.167818919,0.116665559,0.248720335,0.120720601,0
2018,ATL,0.438,0,0.135364238,0.043876647,0.148094989,0.013141331,0.238971374,0.137676558,0.027540452,0.214609171,0.04072524,166796579,0,1,21866363.76,2,26.9,0,0.049118533,0.130565752,0.033777222,0.008362002,0.374890948,0.110088723,0.29319682,0
2018,BAL,0.625,1,0.176832132,0.020897042,0.081115188,0.030347047,0.138266934,0.065976204,0.155153023,0.266142851,0.065269578,158579497.5,1,0,27561788.73,23,26,0.07545915,0.01099913,0.110247097,0.16109889,0.245741034,0.08198189,0.158771167,0.155701642,0
2018,BUF,0.375,0,0.046387854,0.117884453,0.028463763,0.094325435,0.1253362,0.302359184,0.08106357,0.161994821,0.042184719,109030085.3,3,1,124724721.8,32,26.7,0.237694913,0.00842208,0.085441396,0.001861402,0.073906808,0.180189802,0.235116414,0.177367184,0
2018,CAR,0.438,0,0.130069854,0.039099378,0.07664231,0.054369427,0.2039354,0.251159062,0.104628679,0.105600047,0.034495841,174196704.7,1,2,58261146.41,19,26.8,0,0.226617966,0.273548061,0.015337666,0.057239536,0.13661591,0.121531237,0.168951505,0.00015812
2018,CHI,0.75,1,0.064879395,0.016794813,0.158961599,0.095113569,0.158329504,0.12814748,0.204111447,0.137284038,0.036378155,166137100.7,1,1,237544988.4,5,25.7,0.256698853,0.016566949,0.186797781,0.044428648,0.111821969,0.076318544,0.286258713,0.021108544,0
2018,CIN,0.375,0,0.100101595,0.035737502,0.128943433,0.05322884,0.155565154,0.217317921,0.11015225,0.171353941,0.027599364,174116870.1,0,1,28782236.94,9,25.2,0.000146531,0.071800132,0.257337534,0.082496886,0.241160525,0.094380541,0.069103964,0.179383105,0.004190783
2018,CLE,0.469,0,0.15573974,0.035870883,0.124852743,0.043396306,0.223341405,0.101640438,0.138929462,0.152563562,0.023665462,158087417.9,8,4,138093714.9,12,25.3,0.206927469,0.045290453,0.077745269,0.040559672,0.10106885,0.361391629,0.006311642,0.160646029,5.90E-05
2018,DAL,0.625,2,0.01559331,0.054196828,0.121558114,0.016969618,0.312118854,0.24833922,0.137411493,0.073068236,0.020744327,142179427.7,2,4,25665008.81,13,25.4,0.008918867,0.268667828,0.034558747,0.006179181,0.079957118,0.163725972,0.267059752,0.170932535,0
2018,DEN,0.375,0,0.101514551,0.012555947,0.093752461,0.019076552,0.177644203,0.12864435,0.225944274,0.21165995,0.029207711,156591717.9,3,2,71208067.83,31,26,0.103657546,0.044593417,0.113550788,0.028409846,0.184590169,0.099611653,0.37579552,0.0496434,0.00014766
2018,DET,0.375,0,0.180902974,0.051982416,0.068099821,0.031905403,0.175177947,0.171850887,0.091741002,0.182847967,0.045491582,153031389.8,2,1,65588920.86,22,26.6,0.002849947,0.141602598,0.023164104,0.007456257,0.445552757,0.098058059,0.144187434,0.136167815,0.000961029
2018,GB,0.406,0,0.137435345,0.009849779,0.16804466,0.063771815,0.207420463,0.120895347,0.171415897,0.082039816,0.039126878,163335257.7,3,2,51355443.62,7,25.7,0.005881014,0.035741387,0.021266505,0.000872667,0.089505236,0.161689938,0.087835787,0.593033844,0.004173623
2018,HOU,0.688,1,0.028727774,0.05543825,0.146400113,0.024696946,0.133681034,0.129278169,0.197511547,0.271474361,0.012791807,159266034.2,0,0,114086481.6,16,25.6,0.212348038,0.035745253,0.232308754,0.02006689,0.11201359,0.014298101,0.143264143,0.22995523,0
2018,IND,0.625,2,0.197062317,0.015968108,0.159806338,0.100054485,0.192395223,0.179027226,0.036803668,0.086819392,0.032063243,132715710.2,3,2,50836753.13,28,25.6,0,0.018780573,0.085105321,0,0.408967256,0.112733353,0.101427573,0.272985924,0
2018,JAC,0.313,0,0.060976172,0.07095037,0.097469855,0.025330611,0.156944497,0.290321295,0.067669092,0.215662546,0.014675561,179908538.6,0,1,115825620.3,17,25.5,0.001881055,0.244641607,0.042062472,0.000282158,0.089663605,0.361496901,0.059733935,0.200133764,0.000104503
2018,KC,0.75,3,0.041657305,0.030599763,0.087361034,0.086795334,0.226739819,0.097032127,0.240511964,0.169010546,0.020292109,154620153,2,2,124770488.6,27,25.8,0.244464945,0.029520295,0.058542435,0.003800738,0.093099631,0.195202952,0.118856089,0.256512915,0
2018,LV_OAK,0.25,0,0.174556527,0.048502101,0.125096407,0.0777311,0.238467172,0.090236842,0.073987698,0.148004229,0.023417924,150904357,6,4,93069346.38,25,27.4,0.47743385,0.20141788,0.057960014,0.083949418,0.129005814,0.01127928,0.018307956,0.020645788,0
2018,LAC,0.75,2,0.142629703,0.028882354,0.156844985,0.043173906,0.172832416,0.221542016,0.045714804,0.177356122,0.011023695,164004576.9,0,0,38576333.83,20,25.8,0.0126807,0.004501648,0.228556936,0.03170175,0.178328684,0.215597261,0.039893482,0.286127314,0.002612224
2018,LAR,0.813,4,0.053072852,0.055432392,0.086264993,0.016123511,0.180087685,0.257988889,0.095012502,0.209537603,0.046479574,165829637.2,3,3,46478734.97,1,25.5,0,0.120041612,0.171129404,0.062191868,0.119589308,0.269573477,0.117192094,0.138224253,0.002057985
2018,MIA,0.438,0,0.069971131,0.027453953,0.170121418,0.029469183,0.200148509,0.284986526,0.093852622,0.11274811,0.011248548,152723360.8,2,3,62537800.34,21,26.5,0.000140683,0.041670184,0.17956726,0.074561774,0.174474551,0.16752483,0.082439999,0.279480037,0.000140683
2018,MIN,0.531,0,0.145094038,0.044380424,0.082107593,0.052775591,0.142721563,0.20323801,0.102601696,0.209370643,0.017710443,185486029.6,0,2,101495524.2,4,25.5,0,0.093849955,0.15613568,0.019785103,0.132002835,0.064277643,0.102047461,0.427496122,0.004405202
2018,NE,0.688,5,0.140439353,0.05037221,0.097042698,0.096085737,0.125248528,0.104315936,0.099436308,0.238887584,0.048171648,165946903,2,4,42568216.51,15,26.8,0,0.093849955,0.15613568,0.019785103,0.132002835,0.064277643,0.102047461,0.427496122,0.004405202
2018,NO,0.813,3,0.176481546,0.046635569,0.084351447,0.04941528,0.23266957,0.179862794,0.096085994,0.10928615,0.025211649,154704239.8,1,1,94373700.41,24,26.3,0.03360526,0.146109826,0.018702058,0.002435164,0.303129185,0.205284305,0.062948983,0.222086935,0.005698283
2018,NYG,0.313,0,0.184225575,0.08583,0.096512797,0.055335154,0.128914751,0.055889934,0.232273542,0.143706715,0.017311532,129248435.2,2,2,119868355,11,26.1,0.024160018,0.029935948,0.063602652,0,0.200696707,0.282301382,0.142712664,0.256590628,0
2018,NYJ,0.25,0,0.10450819,0.053112904,0.086393444,0.025538037,0.243900711,0.116138336,0.112487217,0.245263098,0.012658063,153378660.2,2,1,205833675.8,29,26,0.024117337,0.275972715,0.053347962,0.080342818,0.19881794,0.117429692,0.007866599,0.242104936,0
2018,PHI,0.563,2,0.137283625,0.032342809,0.105445032,0.045721355,0.224441755,0.256545673,0.046915667,0.140627358,0.010676725,159318492.1,2,3,16938804.11,30,25.7,0.300719796,0.002560273,0.085510876,0.012329736,0.006243473,0.207606706,0.137266572,0.247650276,0.000112293
2018,PIT,0.594,0,0.161802908,0.013542898,0.083749378,0.034999124,0.229031842,0.121259554,0.147810084,0.169896312,0.037907899,154676880.4,1,1,8990635.144,18,25.9,0.390320062,0.010298445,0.139824656,0.061550471,0.034318141,0.172221221,0.028103044,0.163363958,0
2018,SF,0.25,0,0.228161466,0.05269745,0.109972835,0.021632217,0.203781175,0.127024454,0.081883914,0.150626628,0.024219862,170266012.2,3,1,128858990.1,3,25.8,0.00037412,0.185607394,0.072403169,0.039172535,0.252948944,0.343353873,0.011201585,0.088292254,0.006646127
2018,SEA,0.625,1,0.164962973,0.03551786,0.127486201,0.021340637,0.153446344,0.082882425,0.172540752,0.220735625,0.021087184,154218009.2,2,4,42558046.11,14,25.7,0.009429658,0.010484157,0.053191381,0.009368821,0.210697085,0.480669202,0.105855513,0.117891001,0.002413181
2018,TB,0.313,0,0.070693768,0.022104706,0.190410372,0.060571749,0.140698795,0.292864366,0.082068028,0.118827789,0.021760426,181783587.4,0,1,112250724.1,6,26.1,0.291477206,0.054117601,0.023823404,0.085014185,0.097800319,0.166239167,0.014923633,0.236485174,0.030119311
2018,TEN,0.563,0,0.057630052,0.03869998,0.049043396,0.068251136,0.197117575,0.158205655,0.188276082,0.195011705,0.047764418,172081630.3,0,1,148561092.4,8,26.1,0.234681676,0.050888755,0.221806641,0.008990946,0.151335605,0.051248393,0.170729076,0.110318909,0
2018,WAS,0.438,0,0.141158051,0.04307039,0.071056701,0.103002609,0.217859221,0.073976591,0.152985608,0.168431619,0.02845921,160868703.4,1,1,83717661.98,10,26.2,0.00201445,0.066745454,0.119013725,0.003787167,0.268767962,0.289221348,0.131409309,0.119040584,0
2017,ARI,0.5,0,0.181756354,0.019312505,0.133592349,0.037124489,0.179180989,0.072870136,0.127048454,0.221883556,0.027231167,175230807.4,1,0,40303216.35,10,27.3,0.009685404,0.031961832,0.050507587,0.068335904,0.160849446,0.130537719,0.4208846,0.127237508,0
2017,ATL,0.625,2,0.173385048,0.037536539,0.178035502,0.023893439,0.164282129,0.210890505,0.030246522,0.13933316,0.042397155,170321075.8,0,1,41105162.57,9,26.4,0,0.045955287,0.010935306,0.027702776,0.22286424,0.360122583,0.097216222,0.235203586,0
2017,BAL,0.563,0,0.193979327,0.038241421,0.124995164,0.033995977,0.175053119,0.062270126,0.128729599,0.189789754,0.052945514,148327816.6,2,2,120373212,28,26.4,0.001572874,0.015857668,0.103049056,0.048939599,0.239979372,0.141687617,0.276078128,0.172835686,0
2017,BUF,0.563,1,0.088170568,0.092002888,0.043420975,0.092068358,0.28882775,0.195275071,0.057442329,0.108549748,0.034242313,133397600.1,5,3,107791326,31,26.7,0.009031916,0.008610738,0.365644401,0.001903098,0.148285652,0.166131095,0.119707984,0.180685115,0
2017,CAR,0.688,1,0.139412026,0.069464744,0.050080387,0.096831908,0.140671628,0.213595293,0.169476618,0.086214881,0.034252515,176544936.1,2,1,105092885.3,4,26.8,0,0.236967136,0.162756671,0.108668848,0.081213935,0.184950762,0.122018183,0.103260065,0.000164401
2017,CHI,0.313,0,0.137688318,0.01550697,0.093969417,0.064357384,0.209638182,0.101280902,0.199331254,0.161978173,0.0162494,166740951.6,0,0,144251431.8,22,26.3,0.274991592,0.023940642,0.157747604,0.047292753,0.065537246,0.137674458,0.149024718,0.142382714,0.001408273
2017,CIN,0.438,0,0.108190005,0.048749985,0.156379957,0.045614987,0.111817147,0.166666437,0.116805532,0.213637907,0.032138043,168265330,2,1,15827600.83,18,25.5,0.003750833,0.119344689,0.272198887,0.087261117,0.142097677,0.08718362,0.042871092,0.240859282,0.004432803
2017,CLE,0,0,0.020123933,0.04024945,0.044860167,0.029637507,0.391884904,0.122943147,0.203144452,0.10069487,0.046461571,119010339.1,2,3,119988494.6,5,24.2,0.093648208,0.024851675,0.088282341,0.049994183,0.122397045,0.424746975,0.024866217,0.171140647,7.27E-05
2017,DAL,0.563,0,0.012973365,0.06435408,0.196142331,0.12491904,0.178564875,0.164052704,0.104659084,0.103196841,0.051137679,143470027.3,0,2,43559768.25,21,26.1,0.005689039,0.266483435,0.010624464,0.000591069,0.168011349,0.236368472,0.142299849,0.169932323,0
2017,DEN,0.313,0,0.026076264,0.040478155,0.16614412,0.031802312,0.15750425,0.119715671,0.213394003,0.22260614,0.022279086,162952576.1,2,1,78449847.58,29,26,0.136823435,0.012863742,0.105443702,0.032159354,0.265168496,0.131483034,0.153663243,0.16220009,0.000194905
2017,DET,0.563,0,0.113474267,0.036984114,0.123522447,0.036759296,0.156744669,0.193892355,0.082218113,0.192476418,0.063928319,162736784.3,2,1,116087134.6,6,25.8,0.002618399,0.058396383,0.023443803,0.204752698,0.307570522,0.089878062,0.208588957,0.103715995,0.001035181
2017,GB,0.438,0,0.135404668,0.015373304,0.201324025,0.023922186,0.181753481,0.097107483,0.180803074,0.129770957,0.034540822,168786940.8,1,0,44800618.56,14,25.7,0.005966932,0.036263546,0.08388351,0.021673436,0.088580063,0.195619117,0.070063326,0.49795007,0
2017,HOU,0.25,0,0.026289773,0.064188204,0.157239111,0.073721653,0.139140457,0.129445635,0.167592022,0.218701779,0.023681365,156392279.9,1,0,16824615.05,8,25.5,0.136247126,0.024730201,0.134739992,0.029152595,0.112540016,0.358169877,0.088601886,0.115818308,0
2017,IND,0.25,0,0.170997736,0.052069055,0.120512847,0.077282704,0.157165161,0.132724558,0.172832415,0.091403849,0.025011675,139473508.8,3,2,101852589.1,30,25.6,0,0.008419586,0.155254777,0,0.29026672,0.050437898,0.060191083,0.435429936,0
2017,JAC,0.625,3,0.063223412,0.087212897,0.083785589,0.044913045,0.149576904,0.280629797,0.080068735,0.18623795,0.024351671,172643673.6,3,2,193767547.3,15,25.6,0.188505708,0.199827654,0.077854376,0.000230364,0.081122127,0.242769142,0.05158439,0.15810624,0
2017,KC,0.625,1,0.141581203,0.027613022,0.035206924,0.046525939,0.16999157,0.118181995,0.279365091,0.141421015,0.04011324,162312306.6,4,3,18488111.61,7,25.9,0.240785013,0.028545941,0.065173952,0.00367529,0.092132025,0.150401427,0.154183764,0.265102587,0
2017,LV_OAK,0.375,0,0.107838221,0.02383582,0.135396166,0.049057837,0.271023191,0.087119548,0.066432284,0.214624097,0.044672835,171509991.5,0,1,27780934.42,2,26.1,0.292328828,0.141318877,0.035441111,0.051332987,0.299068023,0.108254121,0.012698648,0.059557404,0
2017,LAC,0.563,0,0.141338587,0.036894717,0.147072131,0.06029873,0.151016512,0.166017946,0.166761753,0.113410444,0.017189181,149822604.3,0,1,66003425.43,12,25.7,0.075099742,0.004165689,0.211382305,0.029335837,0.032421967,0.147876085,0.236000939,0.263717437,0
2017,LAR,0.688,1,0.052939087,0.044969525,0.171007507,0.021697963,0.138033409,0.129410403,0.228999051,0.185872506,0.027070548,159180889.7,3,2,101700868.5,32,25.1,0,0.125814265,0.176492722,0.064670884,0.138137008,0.263128189,0.112927122,0.116689791,0.002140018
2017,MIA,0.375,0,0.216296964,0.021553937,0.062747915,0.062610129,0.1477329,0.272564906,0.08919784,0.115107706,0.012187703,164617577.9,2,2,45271430.35,3,26.6,0.000152161,0.038831406,0.23831406,0.004382228,0.360651248,0.1813451,0.058034084,0.118289714,0
2017,MIN,0.813,3,0.159041467,0.042505332,0.080185991,0.056990421,0.134473249,0.205858623,0.072379902,0.231001312,0.017563703,153474019.3,0,1,127178917.8,1,26.1,0.090447793,0.092900615,0.124971256,0.011696893,0.066471463,0.072511536,0.288635771,0.252364673,0
2017,NE,0.813,4,0.093333558,0.070987692,0.123593551,0.081524332,0.142941829,0.083123717,0.103675478,0.255141009,0.045678833,168088646.1,2,8,98428061.97,19,26.5,0.090447793,0.092900615,0.124971256,0.011696893,0.066471463,0.072511536,0.288635771,0.252364673,0
2017,NO,0.688,2,0.150709595,0.052653685,0.05000124,0.098037809,0.246011084,0.171444157,0.08223611,0.110128108,0.038778212,146439095.6,1,1,137522940.4,27,26.5,0.124157503,0.01241575,0.021284143,0.002660518,0.159335462,0.441527729,0.060718931,0.170982618,0.006917347
2017,NYG,0.188,0,0.136473483,0.038994523,0.092939139,0.030587756,0.139088951,0.251435308,0.080130951,0.207661697,0.022688192,170283738.7,0,1,55870726.51,16,25.7,0.024322918,0.029074372,0.144806209,0,0.197864108,0.159761975,0.151390366,0.292780053,0
2017,NYJ,0.313,0,0.066964129,0.082570446,0.058181818,0.022596545,0.238542069,0.245949504,0.081923311,0.187773325,0.015498853,134526330.7,4,4,65580778.09,25,25.6,0.020093858,0.017397392,0.222380668,0.100624854,0.23734087,0.105395525,0.012471156,0.284295678,0
2017,PHI,0.813,5,0.051957529,0.050411351,0.131736999,0.063836618,0.224019987,0.234962463,0.097209396,0.123623852,0.022241806,165790781.9,5,3,54852038.06,23,26.4,0.059608211,0.001803315,0.113349473,0.054321781,0.011499222,0.197747091,0.155307428,0.406239964,0.000123515
2017,PIT,0.813,2,0.13925766,0.086568533,0.116951511,0.022412851,0.257992906,0.104114969,0.098519542,0.162452853,0.011729176,163538234.2,3,3,47336501.48,11,26.1,0.339811535,0.008965797,0.205376864,0,0.033419158,0.23606446,0.024466431,0.151895756,0
2017,SF,0.375,0,0.010527622,0.028334044,0.133719949,0.037262172,0.246634299,0.205163339,0.145967253,0.157516673,0.03487465,110735413.6,1,3,161420937.9,26,25.7,0,0.0373297,0.188010899,0.028156222,0.319482289,0.332470481,0.009082652,0.085467757,0
2017,SEA,0.563,0,0.095783824,0.04073245,0.047609543,0.078479013,0.131983654,0.189235373,0.116458359,0.279873089,0.019844694,173351396.5,5,5,32207894.32,17,25.8,0.010014322,0.046776573,0.015678336,0.009949713,0.115003177,0.505734007,0.111858895,0.182422174,0.002562805
2017,TB,0.313,0,0.080147356,0.061137975,0.128516672,0.022693966,0.149041556,0.274191427,0.059426777,0.178785078,0.046059193,158728485.8,1,0,95258206.96,24,26.2,0.298659021,0.028073948,0.171928043,0.138876445,0.094306564,0.050871587,0.014395365,0.172027596,0.030861432
2017,TEN,0.563,2,0.066502671,0.057097748,0.126218685,0.048335088,0.110424885,0.145654728,0.209594216,0.188616773,0.047555206,166006549.9,0,1,110121304.9,13,26.5,0.22591471,0.07988888,0.21283571,0.008627309,0.253056224,0.055214777,0.056793574,0.107668815,0
2017,WAS,0.438,0,0.169945836,0.028051028,0.066867149,0.072888794,0.21480479,0.075651416,0.153295671,0.198488877,0.02000644,175640111,2,1,80498061.58,20,25.9,0.002242488,0.030258634,0.137569143,0.004664374,0.335072507,0.210644341,0.144640454,0.134758559,0.000149499
2016,ARI,0.469,0,0.147607076,0.035582178,0.137207043,0.041398761,0.135030682,0.178809569,0.123043895,0.192621124,0.008699672,166908659.3,1,2,24136649.38,7,26.09,0.008881871,0.034705089,0.031876049,0.062995493,0.3894536,0.134182045,0.270831277,0.067074575,0
2016,ATL,0.688,4,0.200982969,0.013995823,0.172414438,0.04317312,0.164466082,0.195298154,0.064782525,0.091738061,0.053148827,149079282.5,0,0,141258013.6,31,27.08,0.000132057,0.041333774,0.0106966,0.029646748,0.212981182,0.269541103,0.066701882,0.368966656,0
2016,BAL,0.5,0,0.178322825,0.018274286,0.100546439,0.056272085,0.138678384,0.053094149,0.172232867,0.226672349,0.055906615,158469072.3,0,0,61223164.17,8,26.43,0.001743629,0.023581872,0.114379225,0.054252598,0.25960068,0.150895397,0.264602896,0.130943704,0
2016,BUF,0.438,0,0.077554521,0.077499259,0.097841878,0.059772516,0.145175567,0.241656126,0.046572496,0.221941535,0.031986102,155938281.4,0,0,17125566.03,3,26.3,0.145261653,0.007736076,0.350926367,0.001863946,0.094542703,0.149255823,0.164111332,0.083639319,0.00266278
2016,CAR,0.375,0,0.179095636,0.089704862,0.060795294,0.063882282,0.201026134,0.128131914,0.143401153,0.070598593,0.063364132,146369617.3,1,1,17466314.85,11,26.53,0,0.008485505,0.09158365,0.123544474,0.056445433,0.46352541,0.144440499,0.111975029,0
2016,CHI,0.188,0,0.148608547,0.015462073,0.169472653,0.033209792,0.182077692,0.080347636,0.259902679,0.097996504,0.012922424,159242739,1,0,153049098,20,25.85,0.002167555,0.022432884,0.196124517,0,0.191580487,0.172960409,0.245220934,0.167763502,0.001749713
2016,CIN,0.406,0,0.093730478,0.050064598,0.117417313,0.02586703,0.17726102,0.203200101,0.100616163,0.204744341,0.027098954,177952285.3,0,0,22301423.2,24,26.3,0.00388599,0.143524689,0.05992774,0.218707346,0.148823766,0.097711762,0.051706142,0.275712565,0
2016,CLE,0.063,0,0.11837192,0.030778481,0.083145584,0.037885044,0.220746044,0.117188758,0.085673185,0.277498173,0.02871281,111272684.3,3,2,42810977.58,32,25.08,0.086206897,0.032356069,0.115277989,0.004519216,0.157469998,0.243430047,0.184376424,0.17636336,0
2016,DAL,0.813,2,0.162126361,0.060274879,0.132424519,0.063736027,0.140846909,0.095703362,0.108738192,0.196391907,0.039757844,174958584.8,0,0,61710787.49,15,26,0.005371618,0.255716937,0.03507597,0.060552788,0.242350676,0.130816346,0.136564676,0.133550989,0
2016,DEN,0.563,0,0.017180587,0.057989158,0.186899442,0.029730299,0.106663746,0.110589559,0.221169096,0.256619918,0.013158194,154642653.3,1,1,93629552.58,2,25.47,0.147805032,0.079460996,0.076934414,0.027792399,0.111822297,0.205495315,0.165996421,0.184482577,0.000210548
2016,DET,0.563,1,0.187471076,0.031361256,0.14093927,0.045870515,0.140821906,0.140071317,0.106958331,0.162904135,0.043602194,146278666.7,1,2,86567826.9,22,26.09,0.001726737,0.050745461,0.004587452,0.168215146,0.294498924,0.299163692,0.067420074,0.109699367,0.003943147
2016,GB,0.625,3,0.133823764,0.033202692,0.133802055,0.023450738,0.14572745,0.178585069,0.145624809,0.182090745,0.023692679,174816059,0,0,18506186.27,25,25.36,0.005886039,0.08931589,0.079632407,0.021379612,0.110353732,0.305941102,0.056885716,0.330605502,0
2016,HOU,0.563,2,0.101000692,0.055105216,0.044225963,0.014065755,0.216437731,0.165384576,0.198797369,0.178318084,0.026664613,167670146,0,0,164158684.7,30,26.17,0.004430839,0.00918392,0.220575203,0.031579795,0.13170524,0.391225789,0.054712226,0.156586988,0
2016,IND,0.5,0,0.14721582,0.041822113,0.107757408,0.081577168,0.156005618,0.075840116,0.177730877,0.162115866,0.049935014,158830888.8,0,0,28664026.29,4,26.52,0,0.002100489,0.186179735,0.000238692,0.389736245,0.061081275,0.197398258,0.163265306,0
2016,JAC,0.188,0,0.074744789,0.042990811,0.092027321,0.085543659,0.158837481,0.278349234,0.077246073,0.167212907,0.023047725,170786336.3,0,0,270296069.2,23,25.43,0.175029708,0.045916185,0.07403153,0.000213895,0.236932583,0.205608809,0.04547255,0.21679474,0
2016,KC,0.75,2,0.148321344,0.05578793,0.116662509,0.036207387,0.108881669,0.12730729,0.209136632,0.153385124,0.044310115,159785960.8,2,1,87725197.91,6,25.54,0.006746831,0.016894282,0.044724958,0.040344959,0.481282986,0.073453398,0.12944121,0.207111377,0
2016,LV_OAK,0.75,1,0.030226314,0.018430287,0.125059243,0.037616675,0.239746788,0.11485187,0.15187745,0.215583117,0.066608257,179711523.3,1,0,183446243.3,21,26.02,0.255758048,0.125134003,0.130656531,0.00755287,0.267176688,0.093558133,0.05756424,0.062599487,0
2016,LAC,0.313,0,0.121326076,0.05261746,0.126693915,0.057608453,0.179718226,0.159424809,0.109881171,0.179222852,0.013507039,166381631.4,0,0,83266088.27,12,25.73,0.076330954,0.005579685,0.194332158,0.030876408,0.076578223,0.120194375,0.241743356,0.25436484,0
2016,LAR,0.25,0,0.074852605,0.052398323,0.133999683,0.04422367,0.148537199,0.176892496,0.167183911,0.166290215,0.035621898,148392993.2,0,0,58340506.65,9,25,0.000171359,0.130966952,0.025826193,0.067319461,0.202692778,0.27378213,0.183427173,0.113586291,0.002227662
2016,MIA,0.625,1,0.098412639,0.013724056,0.047309861,0.07875254,0.214004436,0.290520436,0.061753614,0.178600038,0.016922379,157292135.3,2,2,39932237.49,29,26.19,0.000119423,0.033366772,0.186920799,0.013232063,0.304647941,0.30823063,0.012826025,0.137861852,0.002794497
2016,MIN,0.5,0,0.085030857,0.092110836,0.063667955,0.065101307,0.214230926,0.189343583,0.080257905,0.198033092,0.012223539,173890296.1,0,1,63872780.05,13,26.58,0.075337743,0.096534464,0.101054728,0.008542534,0.024440075,0.147649207,0.240876472,0.302014965,0.003549812
2016,NE,0.875,5,0.117821375,0.031564296,0.130598321,0.093063492,0.184596558,0.070001274,0.187990344,0.135000111,0.049364229,152038972.7,2,3,46465214.99,18,26.07,0.075337743,0.096534464,0.101054728,0.008542534,0.024440075,0.147649207,0.240876472,0.302014965,0.003549812
2016,NO,0.438,0,0.178680215,0.047917117,0.049325514,0.057075184,0.185236996,0.117140479,0.114797692,0.207426471,0.042400332,121655467.9,0,1,87854447.47,5,26.4,0.102654348,0.010265435,0.115852764,0.002199736,0.090091411,0.355281811,0.100552378,0.217382803,0.005719314
2016,NYG,0.688,1,0.185050522,0.069373993,0.097687698,0.02180184,0.095455895,0.24111649,0.08958192,0.181214009,0.018717631,162475988.3,0,0,251220009.9,27,26.02,0.028856736,0.000268435,0.176361635,0,0.184414678,0.200359703,0.153652055,0.256086758,0
2016,NYJ,0.313,0,0.071581156,0.037940283,0.146823136,0.018361547,0.196887576,0.155664788,0.098857013,0.240283357,0.033601145,165919897.9,0,1,74847242.26,10,26.23,0.009302326,0.012470145,0.215637964,0.002036455,0.339032055,0.130106851,0.012093023,0.279321182,0
2016,PHI,0.438,0,0.077088437,0.08053433,0.037404977,0.049831522,0.260834352,0.160333075,0.159293002,0.142317701,0.032362602,150139192.3,6,1,140159392.3,1,26.49,0.110625683,0.000423512,0.076588726,0.04569467,0.042039097,0.306600094,0.138198515,0.279718253,0.00011145
2016,PIT,0.688,3,0.182162167,0.031366122,0.121155958,0.029226183,0.203600831,0.101434068,0.219717744,0.098897892,0.012439036,163416443.3,0,1,32888136.75,26,26.34,0.315074231,0.003327593,0.173360637,0.063992181,0.239179504,0.112044492,0.019895751,0.073125611,0
2016,SF,0.125,0,0.166027603,0.024860001,0.100455067,0.042691439,0.13640903,0.122595182,0.204315772,0.164254888,0.038391018,143161152.2,3,2,17206640.75,14,26.08,0,0.127270713,0.219871511,0.041703589,0.300426451,0.28098693,0.011353567,0.01838724,0
2016,SEA,0.656,2,0.140295615,0.018857541,0.096411668,0.093576097,0.046274164,0.160473096,0.118357101,0.284582531,0.041172188,159102607.8,0,2,73725121.12,17,25.6,0.000869511,0.052593007,0.021315446,0.05105273,0.132786783,0.374262468,0.074231414,0.289932302,0.002956338
2016,TB,0.563,0,0.054850716,0.068166289,0.134082549,0.030222142,0.189608411,0.213130312,0.108160957,0.181110383,0.020668242,175487243.7,0,0,87830947.55,19,25.7,0.343812966,0.028912272,0.165989702,0.055436509,0.100990395,0.073240157,0.00688692,0.191682391,0.033048688
2016,TEN,0.563,0,0.057395028,0.057769845,0.112620496,0.082774054,0.155456085,0.122124457,0.185952729,0.178411146,0.04749616,154237884.8,1,2,67574017.3,28,25.87,0.238829656,0.084364711,0.100051987,0,0.393020986,0.061563438,0.067628576,0.054540646,0
2016,WAS,0.531,0,0.171859736,0.018849192,0.178566524,0.063918862,0.198899096,0.079582819,0.120060115,0.148073126,0.020190531,152035473.6,0,0,122928076.7,16,26.36,0.002649709,0.029252782,0.161455573,0.029676736,0.394117647,0.081081081,0.102720367,0.198869458,0.000176647
2015,ARI,0.813,3,0.089721733,0.019529659,0.128144614,0.039295014,0.220970392,0.188751967,0.103913403,0.19632584,0.013347378,169668932.6,0,1,93537607.85,30,26.35,0.010438476,0.031554705,0.200963091,0.057277023,0.359334809,0.026290602,0.246246336,0.067894957,0
2015,ATL,0.5,0,0.178261334,0.014970814,0.211798209,0.02518792,0.132640912,0.196956263,0.066301904,0.110472984,0.06340966,145019019.5,0,1,71901046.42,14,26.77,0.000153095,0.052052236,0.012247585,0.006047245,0.319508872,0.316339809,0.009354093,0.284297065,0
2015,BAL,0.313,0,0.145386232,0.024228924,0.071153165,0.074616369,0.183301533,0.070414617,0.184654595,0.199731366,0.046513199,149922027.7,3,0,44913230.81,16,26.04,0.002202524,0.053438284,0.128883754,0.068530989,0.105143435,0.239533498,0.241916557,0.16035096,0
2015,BUF,0.5,0,0.030252836,0.062811875,0.102865366,0.049662367,0.11912504,0.346903028,0.070975315,0.182836829,0.034567345,158155813.4,1,2,94579558.79,11,25.87,0.128985657,0.003585801,0.352904757,0.001715509,0.157001341,0,0.102672583,0.250554638,0.002579713
2015,CAR,0.938,4,0.122099086,0.07792845,0.069364151,0.064469536,0.166633638,0.241272487,0.139619755,0.08082802,0.037784876,162550240.2,0,1,28833741.04,2,26.89,0,0.007236559,0.091811849,0.105201078,0.127835249,0.310502574,0.33836492,0.017932002,0.001115769
2015,CHI,0.375,0,0.148279259,0.100895244,0.112212854,0.06574153,0.155340686,0.045069267,0.194678186,0.139647682,0.038135292,144703118,2,2,112794404.8,31,26.21,0.002324702,0.029969051,0.273222513,0,0.157855672,0.153290294,0.186956461,0.19450474,0.001876567
2015,CIN,0.75,1,0.073850747,0.027544654,0.134200371,0.024083148,0.184891269,0.18685588,0.14833161,0.179679966,0.040562355,178227782.6,0,0,75438534.17,25,26.28,0.003293368,0.131898042,0.028769342,0.185354037,0.215212096,0.143778664,0.022726963,0.268967488,0
2015,CLE,0.188,0,0.053803473,0.012486421,0.11192943,0.036098313,0.204683545,0.115108125,0.176942737,0.26685277,0.022095186,169999420.2,0,1,88417898.31,26,26.06,0.127563536,0.207765021,0.046527982,0.000948549,0.162054754,0.153059889,0.155300428,0.146779838,0
2015,DAL,0.25,0,0.144237347,0.027715875,0.096509038,0.071138286,0.148614092,0.11283639,0.11068773,0.249112874,0.039148367,151806570.9,0,0,49276046.6,5,26.02,0,0.004645137,0.044302597,0.070530241,0.274442268,0.121911142,0.077087152,0.407081464,0
2015,DEN,0.75,5,0.137222419,0.014703361,0.165316833,0.056862953,0.176971312,0.069581997,0.174266826,0.178410147,0.02666415,178740394.2,2,1,43922734.24,15,26.19,0.067449514,0.116817683,0.074235098,0.026817277,0.116837999,0.259538418,0.163138434,0.175165576,0
2015,DET,0.438,0,0.151329628,0.045715717,0.20877542,0.06247199,0.085407878,0.198837859,0.111379273,0.113632692,0.022449543,156290092.2,4,3,19520500.57,21,26.53,0,0.052657685,0.053033045,0.174998324,0.254172532,0.257336283,0.072256854,0.132220658,0.00332462
2015,GB,0.625,2,0.147386571,0.025599416,0.09098554,0.023774611,0.154306573,0.171629642,0.16520266,0.177378306,0.043736681,174040076.3,0,0,7531633.005,18,25.49,0.005988136,0.088025599,0.073878628,0.021070754,0.028518498,0.247721701,0.148430921,0.386365763,0
2015,HOU,0.563,1,0.050163094,0.086439409,0.050724895,0.043128399,0.182150942,0.164473818,0.170712994,0.224051695,0.028154755,160086886.8,4,1,63076622.44,10,25.81,0.004467549,0.002761758,0.145468048,0.031841443,0.124186268,0.397089711,0.136393701,0.1548441,0.002947422
2015,IND,0.5,0,0.086026366,0.042721842,0.100881806,0.031191416,0.108588756,0.11588065,0.250902833,0.207665283,0.056141047,166119169.2,0,1,104021435.2,13,27.17,0.449137196,0.004579673,0.137599713,0.124369547,0.079410928,0.034706736,0.117215679,0.052980529,0
2015,JAC,0.313,0,0.064752339,0.049017969,0.053823389,0.129922859,0.195556184,0.270447518,0.104868353,0.116626443,0.014984946,162786103.2,1,0,226971645.7,28,25.25,0.17547218,0.046228943,0.210127935,0.000215352,0.238546452,0.220536626,0.005503446,0.084226646,0.01914242
2015,KC,0.688,2,0.182253007,0.081273162,0.05086897,0.018900089,0.139758865,0.09581266,0.183992142,0.206869451,0.040271654,151586299.9,1,1,122397076.1,9,25.83,0.002937208,0.016859098,0.040595561,0.035413657,0.493618139,0.150716989,0.112592982,0.147266367,0
2015,LV_OAK,0.438,0,0.015574212,0.033302951,0.105420694,0.04139244,0.267672381,0.180539769,0.13854621,0.162505076,0.055046267,149156160.3,1,0,193346216.7,29,26.45,0.012261267,0.159577266,0.183869695,1.17E-18,0.27280497,0.185069524,0.057624667,0.127033957,0.001758654
2015,LAC,0.25,0,0.185667346,0.058335698,0.067611188,0.085992993,0.152328037,0.106018381,0.122225288,0.17605539,0.045765677,159275865.7,1,0,74415878.62,1,26.32,0.080196679,0.002287577,0.240616331,0.037758174,0.109290982,0.091871212,0.271538067,0.166440977,0
2015,LAR,0.438,0,0.040875523,0.037062387,0.087292884,0.108880588,0.145755871,0.237876069,0.232595027,0.078744619,0.030917033,164225416.9,2,2,55487125.14,22,24.94,0.000210223,0.159228783,0.031683585,0.011111778,0.214157006,0.067091117,0.343383987,0.173133522,0
2015,MIA,0.375,0,0.065372599,0.022833459,0.060888194,0.052786568,0.193501131,0.279477097,0.085086862,0.222118982,0.017935109,147055961.6,2,1,199964534.7,8,25.62,0.159740764,0.018986331,0.160585108,0.035348349,0.214623126,0.29492709,0.041669519,0.071449762,0.002669953
2015,MIN,0.688,1,0.038204844,0.122726255,0.117187372,0.062281224,0.216045445,0.187065208,0.08394124,0.147378333,0.02517008,176600714.5,1,2,19539795.96,23,25.83,0.062077165,0.079542944,0.013509675,0.008259419,0.204055007,0.121765938,0.196374273,0.309407321,0.005008259
2015,NE,0.75,3,0.122092768,0.03108264,0.129382357,0.096416102,0.174549268,0.07311752,0.199208478,0.131535015,0.042615853,155845113.6,2,4,49666327.98,12,25.95,0.062077165,0.079542944,0.013509675,0.008259419,0.204055007,0.121765938,0.196374273,0.309407321,0.005008259
2015,NO,0.438,0,0.234915401,0.049981216,0.086480093,0.03493663,0.169335043,0.089883462,0.098775312,0.192134188,0.043558654,138859557.4,4,2,54181448.7,17,26.7,0.053092051,0.007851641,0.075525312,0.001682495,0.03125701,0.276228221,0.359044343,0.19094444,0.004374486
2015,NYG,0.375,0,0.134891795,0.057547142,0.131827736,0.016827236,0.197277781,0.153658125,0.095815249,0.183453029,0.028701906,144458626.1,0,1,89929370.35,32,26.53,0.037634785,0.000175046,0.163492508,0,0.243873407,0.067182467,0.200392102,0.287249685,0
2015,NYJ,0.625,0,0.036019811,0.044162778,0.14233536,0.028342428,0.229822516,0.119449014,0.097794168,0.279622821,0.022451104,185434078.7,0,4,235179980.8,20,26.6,0.010749564,0.095729227,0.216647298,0.006536897,0.399099361,0.150493899,0.00293434,0.117809413,0
2015,PHI,0.438,0,0.131759941,0.088674124,0.069597547,0.051780449,0.185571837,0.126493745,0.124551529,0.191024983,0.030545845,168421512.8,4,2,76171758.9,6,26.69,0.065638411,0.001394244,0.126048406,0.04465939,0.039125983,0.299653617,0.154673986,0.26880596,0
2015,PIT,0.625,2,0.174783984,0.02774891,0.090456628,0.051679265,0.163386709,0.123758004,0.179696851,0.158452156,0.030037493,149829969.4,1,2,16999236.58,3,26.57,0.032521555,0.000126053,0.189356124,0.069328896,0.236335905,0.311601876,0.076892049,0.083837543,0
2015,SF,0.313,0,0.162762426,0.040451184,0.128881829,0.025596083,0.186586198,0.086955729,0.176398111,0.140992581,0.051375858,135896099.7,3,2,85652226.07,27,25.83,0.052714167,0.092973079,0.194429461,0.006521846,0.090741921,0.414529495,0.122394939,0.025695091,0
2015,SEA,0.625,2,0.067818881,0.077325475,0.076096884,0.074727944,0.100405607,0.218635646,0.109194617,0.230845912,0.044949034,162265033.8,2,3,38243458.45,4,25.92,0,0.108902387,0.120712927,0.063040677,0.065341432,0.226701025,0.09546598,0.316185042,0.003650531
2015,TB,0.375,0,0.05540562,0.041759455,0.16824956,0.040273904,0.179697067,0.257325409,0.128772013,0.114449786,0.014067186,138510717.4,2,2,52361250.46,19,25.91,0.333985771,0.089601392,0.161245223,0.053955531,0.094934808,0.018330382,0.197181057,0.050765837,0
2015,TEN,0.188,0,0.045315511,0.047446957,0.071408484,0.097491932,0.096674138,0.19786576,0.13919431,0.261558436,0.043044472,141791603.5,1,0,173330467.8,24,25.83,0.283312416,0.051391353,0.206755529,0.003570347,0.313389882,0.041654044,0.05905137,0.04087506,0
2015,WAS,0.563,1,0.070887174,0.026073428,0.193896143,0.04339481,0.213791698,0.163420542,0.133749733,0.137989197,0.016797274,161012442.8,0,2,95872349.76,7,26.15,0.366044355,0.025182546,0.018220633,0.022843778,0.341868023,0.058469195,0.086548006,0.080687489,0.000135975
2014,ARI,0.688,1,0.135693122,0.022535027,0.125283097,0.040269689,0.117163674,0.234685906,0.126594019,0.171201716,0.026573751,159992733.6,0,0,89835789.3,4,26.6,0.00874621,0.076310052,0.165225672,0.078565521,0.208355262,0.016289502,0.176603263,0.269904518,0
2014,ATL,0.375,0,0.153841683,0.057753151,0.147640587,0.009442157,0.218425152,0.13259141,0.13023254,0.10740451,0.04266881,164859035.9,1,1,150761657,5,26.57,0.000164037,0.024277419,0.262458581,0.006479446,0.343131787,0.103310259,0.032331616,0.225714379,0.002132476
2014,BAL,0.625,2,0.142009647,0.016838531,0.062902326,0.039458434,0.16819811,0.204351849,0.171211476,0.153653889,0.041375739,148741861.8,1,1,113195825.1,20,26.04,0.005508731,0.045906094,0.070309774,0,0.133678547,0.217925412,0.241245708,0.285425733,0
2014,BUF,0.563,0,0.05027188,0.094819197,0.057615564,0.027334148,0.158897854,0.305071466,0.109534075,0.163995684,0.032460131,163474703.2,1,3,81152573.19,7,25.72,0.096690291,0.003819267,0.264447947,0.000106359,0.104734924,0.212718641,0.101872891,0.213675875,0.001933806
2014,CAR,0.469,2,0.085375636,0.108195107,0.040257807,0.094573069,0.161958515,0.322659769,0.090681453,0.063882394,0.03241625,139815601.6,1,0,48165908.98,31,26.57,0.353469301,0.002969142,0.014845711,0.077763246,0.084785503,0.273938708,0.165423633,0.025979994,0.000824762
2014,CHI,0.313,0,0.17071678,0.078619,0.106537388,0.063649968,0.145480003,0.076329584,0.183230246,0.142123123,0.033313908,153702423.4,0,0,134924346,1,26.72,0.007140812,0.02223083,0.075955336,0,0.255250349,0.160769321,0.226821833,0.249574751,0.002256766
2014,CIN,0.656,1,0.08713994,0.027485803,0.085159164,0.062038091,0.155629918,0.244260654,0.109010336,0.193552948,0.035723146,171218942.8,0,0,12246611.4,10,25.91,0.06712963,0.113425926,0.237724467,0.093527871,0.102576693,0.149410774,0.00736532,0.228839319,0
2014,CLE,0.438,0,0.024565652,0.013379107,0.093205561,0.040972367,0.266532061,0.157163239,0.18221005,0.210655503,0.01131646,156059086.5,0,0,123264806,28,25.69,0.140049736,0.212947419,0.074513641,0.008349119,0.102038801,0.13428615,0.170322025,0.15749311,0
2014,DAL,0.75,2,0.122599797,0.02690625,0.054921699,0.098981164,0.212588048,0.091735738,0.111091626,0.247901001,0.033274676,137453078.8,1,2,60531300.22,19,25.44,0,0.03594247,0.040754738,0.060778663,0.411217748,0.101546994,0.087259726,0.26249966,0
2014,DEN,0.75,2,0.147824854,0.021754886,0.14850766,0.029384592,0.200955804,0.076818208,0.162264293,0.179376739,0.033112963,170485114.1,0,1,174271874.2,29,25.81,0.043932416,0.076317641,0.048498202,0.006795588,0.088342646,0.168549168,0.386525623,0.181038716,0
2014,DET,0.688,1,0.140088249,0.050036711,0.152290451,0.041346843,0.100597455,0.320014368,0.106854197,0.07583825,0.012933477,165988871.1,0,0,79480098.39,12,26.34,0,0.041889845,0.105352591,0.160737813,0.152832675,0.369596001,0.069693276,0.096844101,0.003053698
2014,GB,0.75,3,0.151923452,0.022073706,0.072870784,0.019425747,0.148143785,0.099889791,0.231866421,0.21064031,0.043166006,173206783.6,1,0,66118219.35,24,25.62,0.000187811,0.085454033,0.124856794,0.027382853,0.142849094,0.247722791,0.145854071,0.225692553,0
2014,HOU,0.563,0,0.044512563,0.084063415,0.179587838,0.040123943,0.209776512,0.088767274,0.134807657,0.186610331,0.031750468,150140927.2,2,2,44173814.02,22,25.98,0.007482292,0.002527352,0.110161507,0.030416902,0.119095917,0.517619412,0.130801547,0.079079512,0.002815559
2014,IND,0.688,3,0.083326416,0.033983705,0.103960722,0.023752243,0.140036454,0.164661629,0.198807735,0.20230747,0.049163626,160234267.6,2,1,143177495.8,18,26.66,0.432227679,0.011349397,0.040241391,0.119687171,0.247670349,0.033054399,0.111794443,0.00397517,0
2014,JAC,0.188,0,0.090348256,0.053030409,0.075989834,0.098613078,0.152740177,0.272586653,0.130398157,0.074723045,0.051570392,144386547.6,1,0,154256788,26,25.2,0.316495759,0.003580923,0.240898486,0,0.266380916,0.049481851,0.006239488,0.09522001,0.021702566
2014,KC,0.563,0,0.07217607,0.09442174,0.143513004,0.045272904,0.099110622,0.116512067,0.198374007,0.191063622,0.039555964,166214105,1,1,32329961.86,13,25.34,0.007660184,0.017262729,0.100638551,0.037876029,0.49459781,0.202673174,0.104887464,0.03440406,0
2014,LV_OAK,0.188,0,0.093199422,0.068527514,0.081012315,0.020119029,0.168652936,0.176554177,0.102843427,0.242767097,0.046324084,138751534.9,1,1,141859995.2,11,27,0.000352225,0.053823317,0.209489945,0.036061119,0.226413512,0.188775767,0.151054159,0.132235286,0.00179467
2014,LAC,0.563,0,0.152240577,0.072670106,0.090756654,0.078720811,0.170264127,0.060321551,0.154464409,0.163586507,0.056975259,160025549.6,0,0,39279265.32,16,26.64,0.105554594,0.011143797,0.010278595,0.009621042,0.231354906,0.022599066,0.346772798,0.262675203,0
2014,LAR,0.375,0,0.164016212,0.029915742,0.057773472,0.065755877,0.216054475,0.252206882,0.141157809,0.055939058,0.017180472,165899094,0,0,57622556.62,8,25.09,0.0002024,0.003903426,0.056527396,0.01069828,0.207546624,0.192829261,0.308110453,0.22018216,0
2014,MIA,0.5,0,0.066841354,0.039378275,0.212794214,0.018075907,0.142497407,0.185633088,0.148502731,0.148267268,0.038009755,182913632.1,1,0,140194346.9,23,25.92,0.164203612,0.049284541,0.044499179,0.038705137,0.336030964,0.25871452,0.042833685,0.062983814,0.002744546
2014,MIN,0.438,0,0.086507813,0.135177447,0.085485098,0.032360484,0.202990727,0.226526637,0.110257935,0.100305087,0.020388771,161415473.1,0,0,77991937.14,30,25.58,0.191392676,0.080834002,0.010478482,0.054958567,0.202320235,0.115530607,0.152387062,0.187008821,0.005089548
2014,NE,0.75,5,0.134641252,0.034610653,0.120990875,0.06370699,0.141931801,0.099295245,0.156146813,0.205575463,0.043100908,156497706.3,3,3,93310441.03,17,25.76,0.191392676,0.080834002,0.010478482,0.054958567,0.202320235,0.115530607,0.152387062,0.187008821,0.005089548
2014,NO,0.438,0,0.167593583,0.043994967,0.107061238,0.054420951,0.222832693,0.087695863,0.121800695,0.153527036,0.041072974,155066858.4,1,0,130596389.4,14,26.32,0.076137531,0.091697384,0.061030878,0.003957943,0.157290471,0.121427277,0.287177473,0.201281044,0
2014,NYG,0.375,0,0.1780517,0.045236534,0.107546595,0.01509295,0.16198884,0.154141214,0.08065363,0.219361738,0.037926799,161090655.2,1,0,155328537.2,15,26.75,0,0.137873407,0.195111761,0,0.050804262,0.222686442,0.065970336,0.327553792,0
2014,NYJ,0.25,0,0.055075718,0.061479938,0.154110311,0.033854876,0.274202922,0.095671983,0.152602193,0.123154495,0.049847565,133933249.7,0,0,117305334.6,21,25.85,0.011915497,0.106337756,0.26584439,0.00724591,0.234509854,0.192580188,0.00724591,0.174320495,0
2014,PHI,0.625,0,0.030637614,0.102595257,0.087333606,0.047815002,0.248531755,0.09026511,0.189835089,0.17951115,0.023475418,163327293.3,2,3,52877509.41,3,26.26,0.068770782,0.007758484,0.086662796,0.054098274,0.043568903,0.249907637,0.163614293,0.325618831,0
2014,PIT,0.688,1,0.181702931,0.01389392,0.064073432,0.065930371,0.124562026,0.079350399,0.242848165,0.203640975,0.023997783,160293645.2,0,0,67117437.72,6,26.26,0.032588102,0.004067197,0.082379689,0.069470759,0.337589996,0.312239485,0.065125679,0.089718328,0.006820765
2014,SF,0.5,0,0.051242357,0.069272155,0.116268847,0.078581183,0.192812404,0.131733453,0.194551014,0.123886481,0.041652107,162908187.5,0,3,49239023.42,2,26.36,0.046262426,0.08159401,0.13512932,0.00572363,0.262490855,0.304751044,0.130008177,0.034040539,0
2014,SEA,0.75,4,0.018609696,0.085077456,0.060330572,0.058518467,0.208195838,0.237167181,0.10193175,0.194273867,0.035895173,151665967.6,0,2,36384859.95,32,25.65,0.075994258,0.103211461,0.107517802,0.049255538,0.061470911,0.074305497,0.27124321,0.257001323,0
2014,TB,0.125,0,0.044498641,0.028368165,0.135904891,0.033718236,0.16577809,0.318403603,0.049913477,0.19005398,0.033360916,167382033.1,4,2,208049038.8,27,25.66,0.031007111,0.119094868,0.208891461,0.083788104,0.008916267,0.195275894,0.281268949,0.071757345,0
2014,TEN,0.125,0,0.052913842,0.060304373,0.086483431,0.070581826,0.22936026,0.124910107,0.135467927,0.216863648,0.023114584,155405071,1,0,90777836.33,9,26.39,0.178777568,0.050661626,0.177693762,0.00415879,0.333938248,0.066792691,0.140239445,0.04773787,0
2014,WAS,0.25,0,0.062071813,0.023305497,0.161456949,0.032146401,0.233945612,0.199148131,0.177678718,0.093574161,0.016672717,155790786,0,0,147587368.1,25,26.44,0.404830293,0.025294374,0.037385145,0.029444937,0.11220055,0.289035596,0.012181001,0.089477721,0.000150383
2013,ARI,0.625,0,0.060784867,0.052255087,0.149066992,0.042864323,0.187777369,0.219584941,0.113538739,0.127683134,0.046444548,149623904.1,1,2,73686854.64,30,26.79,0.005530468,0.077248973,0.167588411,0.03145771,0.21091887,0.102009234,0.130828555,0.274417779,0
2013,ATL,0.25,0,0.095106887,0.057117593,0.167230243,0.066647012,0.158591716,0.11280672,0.145020202,0.15883648,0.038643146,153355992.3,0,0,94831009.45,4,26.08,0.000206706,0.012402332,0.335648435,0.008164868,0.136384307,0.056802679,0.208979288,0.238724213,0.002687172
2013,BAL,0.5,0,0.070521093,0.061780629,0.077349498,0.037891107,0.180752172,0.177272992,0.221554799,0.137193573,0.035684137,154211233.5,2,2,96201208.14,3,26.16,0.003678294,0.04401554,0.084311456,0.063233592,0.127376426,0.224169284,0.172301207,0.280914201,0
2013,BUF,0.375,0,0.051202674,0.079784895,0.093562461,0.051783364,0.150623184,0.311356958,0.056404176,0.180703409,0.024578881,141396193.9,2,2,39757862.04,13,25.3,0.100287826,0.139349934,0.101792143,0.000110317,0.063482194,0.294144194,0.084823443,0.214004192,0.002005757
2013,CAR,0.75,2,0.083946582,0.100558332,0.125206247,0.054516179,0.177458239,0.186851902,0.137808745,0.110421057,0.023232718,131884881.6,0,0,21853195.8,28,26.57,0.419346552,0.002079485,0.058910594,0,0.071876797,0.250125381,0.177612506,0.019192426,0.000856259
2013,CHI,0.5,0,0.093854772,0.084686461,0.14798459,0.02130704,0.087817064,0.231931148,0.119460582,0.160606281,0.052352062,177018008.1,1,0,106560499.6,24,26.77,0.005778923,0.016127226,0.101019151,0,0.339769291,0.103169448,0.30166872,0.132467242,0
2013,CIN,0.688,1,0.023331345,0.048598244,0.077606319,0.037334447,0.179902624,0.332362208,0.067517289,0.185515796,0.047831728,174341573.9,0,0,85662833.2,10,25.91,0.062536954,0.070518943,0.251944331,0.181925683,0.094987947,0.175330877,0.011256652,0.151498613,0
2013,CLE,0.25,0,0.043525453,0.022965105,0.057947386,0.020561485,0.25245289,0.211111808,0.227103655,0.139063319,0.025268899,141197992.5,3,3,141793464.6,14,25.25,0.088383012,0.239242057,0.07940442,0.008698011,0.0672085,0.141337997,0.155460574,0.22026543,0
2013,DAL,0.5,0,0.13858127,0.022634048,0.074132091,0.056396882,0.195258675,0.051367756,0.277408605,0.163202972,0.021017702,146917000,0,1,17039083.73,2,26,0,0.038483931,0.146774569,0.065076269,0.297391709,0.02707266,0.136076502,0.28912436,0
2013,DEN,0.813,4,0.154932044,0.041518354,0.076560748,0.066338465,0.211953525,0.099672412,0.107214701,0.193848846,0.047960905,177983280.6,1,1,91680841.62,6,26.75,0.119567691,0.065415245,0.109260523,0.005824801,0.135972696,0.144584755,0.328077361,0.091296928,0
2013,DET,0.438,0,0.207492928,0.038473059,0.145206565,0.042382442,0.129668966,0.201998616,0.115304087,0.103253707,0.01621963,153066056.8,1,1,143281529.9,8,27.15,0,0.100844396,0.088472526,0.000567132,0.112922198,0.581519913,0.00741472,0.105759536,0.00249958
2013,GB,0.531,1,0.110166148,0.021434959,0.086232185,0.099914554,0.152603753,0.156155369,0.170637037,0.165653278,0.037202716,169351497.4,0,0,22689311.67,1,25.42,0.00019336,0.090415144,0.053057989,0.012761761,0.29340449,0.22333082,0.205851074,0.120985363,0
2013,HOU,0.125,0,0.101407858,0.084544778,0.134736089,0.060667652,0.161224999,0.143986642,0.085108384,0.206960687,0.02136291,170803908,1,1,46487305.61,29,26.22,0.004504784,0.049707966,0.154374301,0.010625078,0.079128868,0.257953275,0.197589164,0.242170995,0.00394557
2013,IND,0.688,2,0.073186489,0.060779537,0.107614994,0.019933861,0.198334812,0.110213927,0.17905738,0.192009024,0.058869976,171609328.5,4,3,210435999.1,22,26.55,0.398480966,0.010463279,0.018509912,0.113662015,0.192747407,0.110276055,0.135597721,0.020262644,0
2013,JAC,0.25,0,0.099907828,0.107253559,0.081466813,0.085704788,0.17163019,0.164245956,0.163253411,0.074248761,0.052288693,123101128.6,1,0,25208709.26,27,25.41,0.138380312,0.005992932,0.198203185,0,0.299114366,0.220301456,0.007398024,0.10506259,0.025547134
2013,KC,0.688,1,0.102343047,0.058023203,0.061364827,0.03011015,0.17886487,0.117756176,0.192759841,0.225496782,0.033281104,172152327.9,3,3,104724433.3,32,25.68,0.003731199,0.066114902,0.075690029,0.04264227,0.416905722,0.161798341,0.013471081,0.219646457,0
2013,LV_OAK,0.25,0,0.006379639,0.185338508,0.075367987,0.032494228,0.161854174,0.103473732,0.121118334,0.211723279,0.102250118,93531844.51,1,1,67360735.68,25,26.11,0.262352427,0.037324005,0.227547005,0.043008308,0.059274158,0.100166157,0.151132488,0.117324005,0.001871447
2013,LAC,0.563,2,0.152580039,0.047970643,0.104219583,0.083896427,0.167904815,0.059532768,0.174696096,0.155284222,0.053915407,154464357.9,0,0,75080994.97,20,26.28,0.012661433,0.011648519,0.024852585,0.010056796,0.267517997,0.00897153,0.393915277,0.270375864,0
2013,LAR,0.438,0,0.123265063,0.024279148,0.050434466,0.052531279,0.177869768,0.191420848,0.173105312,0.191895204,0.015198913,160078397.8,0,0,124314081.5,16,24.98,0.003360497,0.170489232,0.054608082,0.010501554,0.180710745,0.187823798,0.269707917,0.122798174,0
2013,MIA,0.5,0,0.058999139,0.019432603,0.087859957,0.060488637,0.186220164,0.279850325,0.09069084,0.184438501,0.032019834,146316605.4,1,0,235620766.7,7,25.7,0.163788666,0.049159998,0.010482475,0.035354953,0.229304132,0.335158407,0.105971267,0.068042491,0.002737611
2013,MIN,0.344,0,0.0745441,0.126160267,0.079243482,0.037438742,0.166096217,0.299301022,0.106937035,0.093852303,0.016426832,180325672.1,1,0,149255890.8,18,25.96,0.149215822,0.126997435,0.012083251,0.063893273,0.232368317,0.116985599,0.012107911,0.280479384,0.005869008
2013,NE,0.75,3,0.137128694,0.027362295,0.083163459,0.038976093,0.211552855,0.151850526,0.159396675,0.149625032,0.040944371,156907133.3,1,1,132135773.8,12,25.88,0.149215822,0.126997435,0.012083251,0.063893273,0.232368317,0.116985599,0.012107911,0.280479384,0.005869008
2013,NO,0.688,2,0.155278361,0.078178013,0.099683383,0.030264516,0.153322065,0.083664083,0.191189994,0.184732587,0.023686997,172623369.8,1,1,67331269.04,31,26.32,0.028890399,0.073860071,0.070984104,0.075062748,0.130908806,0.068657185,0.28563585,0.262105208,0.003895629
2013,NYG,0.438,0,0.18506417,0.042372169,0.073001566,0.025228714,0.203761191,0.156729424,0.08326985,0.201179224,0.029393693,175133550.2,0,0,30586370.79,17,26.66,0.000218656,0.144312765,0.018367079,0.026238685,0.116062448,0.243801111,0.054139152,0.396860104,0
2013,NYJ,0.5,0,0.154022193,0.041902931,0.126700566,0.026160881,0.217139342,0.057189897,0.195356421,0.164660306,0.016867463,146075882.1,1,1,42899742.37,23,25.6,0.012331689,0.098720171,0.075156646,0.007499,0.169544061,0.413644847,0.014798027,0.208072257,0.000233302
2013,PHI,0.625,1,0.121115412,0.055909592,0.173471899,0.04977414,0.231358394,0.080011854,0.150367851,0.117029415,0.020961444,163069389.8,4,5,153071820.5,19,25.74,0.075172434,0.024053433,0.072844213,0,0.085081924,0.275603155,0.17534414,0.291900701,0
2013,PIT,0.5,0,0.135317428,0.02241329,0.098437593,0.080940722,0.105699133,0.116579478,0.193213192,0.223872235,0.02352693,167600004.8,1,1,20383547.2,15,26.45,0.035934292,0.004900131,0.004480119,0.069651857,0.307681538,0.359576255,0.070970226,0.140505413,0.006300168
2013,SF,0.75,3,0.017539214,0.077935879,0.146584475,0.086877748,0.15111012,0.10514691,0.152354695,0.203353557,0.059097402,170317328.3,3,3,41636361.72,11,26.56,0.031177946,0.054844183,0.062210879,0.006148581,0.368291304,0.197697182,0.081961745,0.19766818,0
2013,SEA,0.813,5,0.01224048,0.081574539,0.135445865,0.102833488,0.224961666,0.262494474,0.059365948,0.098611724,0.022471815,183086208.5,3,4,38334623.4,5,25.31,0.065308887,0.051158628,0.083377679,0.044385855,0.277780465,0.071235064,0.221155242,0.185598181,0
2013,TB,0.25,0,0.010559878,0.03291564,0.11976408,0.021340463,0.23247266,0.173092528,0.081061177,0.259872957,0.068920618,165245990.2,2,3,91339212.78,9,25.98,0.026307482,0.072515112,0.070854818,0.010289148,0,0.487214564,0.238988857,0.091374654,0.002455365
2013,TEN,0.438,0,0.055949035,0.130937628,0.109134935,0.061622051,0.235928572,0.061371775,0.124157931,0.179931119,0.040966952,166874032.3,0,0,166965340.6,21,26.19,0.186294969,0.005512462,0.212111667,0.00433122,0.183722487,0.060505834,0.288144269,0.059377092,0
2013,WAS,0.188,0,0.059189908,0.022406254,0.194334713,0.045974323,0.194654586,0.145356849,0.189968439,0.121854401,0.026260526,148676746.1,0,0,30380104.32,26,26.84,0.357717095,0.020304299,0.028649259,0.028303767,0.277469936,0.198259252,0.02245698,0.066839413,0